total_simulation_replications,pareto_set_size,TB_obj_1_range,TB_obj_2_range,TB_obj_3_range,done,training_iteration,trial_id,date,timestamp,time_this_iter_s,time_total_s,pid,hostname,node_ip,time_since_restore,iterations_since_restore
0,1,"(42.723420833333336, 42.723420833333336)","(8.195683333333333, 8.195683333333333)","(32.854166666666664, 32.854166666666664)",False,1,9eb52_00005,2024-01-22_15-10-17,1705954217,28.39772343635559,28.39772343635559,75037,d0135,10.99.101.135,28.39772343635559,1
240,1,"(42.723420833333336, 42.723420833333336)","(8.195683333333333, 8.195683333333333)","(32.854166666666664, 32.854166666666664)",False,2,9eb52_00005,2024-01-22_15-10-17,1705954217,0.028249502182006836,28.425972938537598,75037,d0135,10.99.101.135,28.425972938537598,2
240.0,1,"(42.723420833333336, 42.723420833333336)","(8.195683333333333, 8.195683333333333)","(32.854166666666664, 32.854166666666664)",False,3,9eb52_00005,2024-01-22_15-10-17,1705954217,0.028193950653076172,28.454166889190674,75037,d0135,10.99.101.135,28.454166889190674,3
240.0,1,"(42.723420833333336, 42.723420833333336)","(8.195683333333333, 8.195683333333333)","(32.854166666666664, 32.854166666666664)",False,4,9eb52_00005,2024-01-22_15-10-17,1705954217,0.028371572494506836,28.48253846168518,75037,d0135,10.99.101.135,28.48253846168518,4
240.0,1,"(42.723420833333336, 42.723420833333336)","(8.195683333333333, 8.195683333333333)","(32.854166666666664, 32.854166666666664)",False,5,9eb52_00005,2024-01-22_15-10-17,1705954217,0.02830219268798828,28.51084065437317,75037,d0135,10.99.101.135,28.51084065437317,5
240.0,1,"(42.723420833333336, 42.723420833333336)","(8.195683333333333, 8.195683333333333)","(32.854166666666664, 32.854166666666664)",False,6,9eb52_00005,2024-01-22_15-10-17,1705954217,0.02824091911315918,28.539081573486328,75037,d0135,10.99.101.135,28.539081573486328,6
240.0,1,"(42.723420833333336, 42.723420833333336)","(8.195683333333333, 8.195683333333333)","(32.854166666666664, 32.854166666666664)",False,7,9eb52_00005,2024-01-22_15-10-18,1705954218,0.02843618392944336,28.56751775741577,75037,d0135,10.99.101.135,28.56751775741577,7
240.0,1,"(42.723420833333336, 42.723420833333336)","(8.195683333333333, 8.195683333333333)","(32.854166666666664, 32.854166666666664)",False,8,9eb52_00005,2024-01-22_15-10-18,1705954218,0.028276920318603516,28.595794677734375,75037,d0135,10.99.101.135,28.595794677734375,8
240.0,1,"(42.723420833333336, 42.723420833333336)","(8.195683333333333, 8.195683333333333)","(32.854166666666664, 32.854166666666664)",False,9,9eb52_00005,2024-01-22_15-10-18,1705954218,0.031580448150634766,28.62737512588501,75037,d0135,10.99.101.135,28.62737512588501,9
240.0,1,"(42.723420833333336, 42.723420833333336)","(8.195683333333333, 8.195683333333333)","(32.854166666666664, 32.854166666666664)",False,10,9eb52_00005,2024-01-22_15-10-18,1705954218,0.028133153915405273,28.655508279800415,75037,d0135,10.99.101.135,28.655508279800415,10
240.0,1,"(42.723420833333336, 42.723420833333336)","(8.195683333333333, 8.195683333333333)","(32.854166666666664, 32.854166666666664)",False,11,9eb52_00005,2024-01-22_15-10-18,1705954218,0.02829265594482422,28.68380093574524,75037,d0135,10.99.101.135,28.68380093574524,11
240.0,1,"(42.723420833333336, 42.723420833333336)","(8.195683333333333, 8.195683333333333)","(32.854166666666664, 32.854166666666664)",False,12,9eb52_00005,2024-01-22_15-10-18,1705954218,0.028215408325195312,28.712016344070435,75037,d0135,10.99.101.135,28.712016344070435,12
240.0,1,"(42.723420833333336, 42.723420833333336)","(8.195683333333333, 8.195683333333333)","(32.854166666666664, 32.854166666666664)",False,13,9eb52_00005,2024-01-22_15-10-18,1705954218,0.028200149536132812,28.740216493606567,75037,d0135,10.99.101.135,28.740216493606567,13
240.0,1,"(42.723420833333336, 42.723420833333336)","(8.195683333333333, 8.195683333333333)","(32.854166666666664, 32.854166666666664)",False,14,9eb52_00005,2024-01-22_15-10-18,1705954218,0.028203487396240234,28.768419981002808,75037,d0135,10.99.101.135,28.768419981002808,14
240.0,1,"(42.723420833333336, 42.723420833333336)","(8.195683333333333, 8.195683333333333)","(32.854166666666664, 32.854166666666664)",False,15,9eb52_00005,2024-01-22_15-10-18,1705954218,0.028369665145874023,28.79678964614868,75037,d0135,10.99.101.135,28.79678964614868,15
240.0,1,"(42.723420833333336, 42.723420833333336)","(8.195683333333333, 8.195683333333333)","(32.854166666666664, 32.854166666666664)",False,16,9eb52_00005,2024-01-22_15-10-18,1705954218,0.02833104133605957,28.82512068748474,75037,d0135,10.99.101.135,28.82512068748474,16
240.0,1,"(42.723420833333336, 42.723420833333336)","(8.195683333333333, 8.195683333333333)","(32.854166666666664, 32.854166666666664)",False,17,9eb52_00005,2024-01-22_15-10-18,1705954218,0.028158187866210938,28.853278875350952,75037,d0135,10.99.101.135,28.853278875350952,17
240.0,1,"(42.723420833333336, 42.723420833333336)","(8.195683333333333, 8.195683333333333)","(32.854166666666664, 32.854166666666664)",False,18,9eb52_00005,2024-01-22_15-10-18,1705954218,0.028315305709838867,28.88159418106079,75037,d0135,10.99.101.135,28.88159418106079,18
240.0,1,"(42.723420833333336, 42.723420833333336)","(8.195683333333333, 8.195683333333333)","(32.854166666666664, 32.854166666666664)",False,19,9eb52_00005,2024-01-22_15-10-18,1705954218,0.028531789779663086,28.910125970840454,75037,d0135,10.99.101.135,28.910125970840454,19
240.0,1,"(42.723420833333336, 42.723420833333336)","(8.195683333333333, 8.195683333333333)","(32.854166666666664, 32.854166666666664)",False,20,9eb52_00005,2024-01-22_15-10-18,1705954218,0.02827596664428711,28.93840193748474,75037,d0135,10.99.101.135,28.93840193748474,20
240.0,1,"(42.723420833333336, 42.723420833333336)","(8.195683333333333, 8.195683333333333)","(32.854166666666664, 32.854166666666664)",False,21,9eb52_00005,2024-01-22_15-10-18,1705954218,0.028598785400390625,28.967000722885132,75037,d0135,10.99.101.135,28.967000722885132,21
240.0,1,"(42.723420833333336, 42.723420833333336)","(8.195683333333333, 8.195683333333333)","(32.854166666666664, 32.854166666666664)",False,22,9eb52_00005,2024-01-22_15-10-18,1705954218,0.027846097946166992,28.9948468208313,75037,d0135,10.99.101.135,28.9948468208313,22
240.0,1,"(42.723420833333336, 42.723420833333336)","(8.195683333333333, 8.195683333333333)","(32.854166666666664, 32.854166666666664)",False,23,9eb52_00005,2024-01-22_15-10-18,1705954218,0.0007426738739013672,28.9955894947052,75037,d0135,10.99.101.135,28.9955894947052,23
240.0,1,"(42.723420833333336, 42.723420833333336)","(8.195683333333333, 8.195683333333333)","(32.854166666666664, 32.854166666666664)",False,24,9eb52_00005,2024-01-22_15-10-18,1705954218,0.0007202625274658203,28.996309757232666,75037,d0135,10.99.101.135,28.996309757232666,24
240.0,1,"(42.723420833333336, 42.723420833333336)","(8.195683333333333, 8.195683333333333)","(32.854166666666664, 32.854166666666664)",False,25,9eb52_00005,2024-01-22_15-10-18,1705954218,0.0007150173187255859,28.99702477455139,75037,d0135,10.99.101.135,28.99702477455139,25
240.0,1,"(42.723420833333336, 42.723420833333336)","(8.195683333333333, 8.195683333333333)","(32.854166666666664, 32.854166666666664)",False,26,9eb52_00005,2024-01-22_15-10-18,1705954218,0.0007200241088867188,28.99774479866028,75037,d0135,10.99.101.135,28.99774479866028,26
240.0,1,"(42.723420833333336, 42.723420833333336)","(8.195683333333333, 8.195683333333333)","(32.854166666666664, 32.854166666666664)",False,27,9eb52_00005,2024-01-22_15-10-18,1705954218,0.0006997585296630859,28.99844455718994,75037,d0135,10.99.101.135,28.99844455718994,27
240.0,1,"(42.723420833333336, 42.723420833333336)","(8.195683333333333, 8.195683333333333)","(32.854166666666664, 32.854166666666664)",False,28,9eb52_00005,2024-01-22_15-10-18,1705954218,0.0007119178771972656,28.99915647506714,75037,d0135,10.99.101.135,28.99915647506714,28
240.0,1,"(42.723420833333336, 42.723420833333336)","(8.195683333333333, 8.195683333333333)","(32.854166666666664, 32.854166666666664)",False,29,9eb52_00005,2024-01-22_15-10-18,1705954218,0.0007114410400390625,28.999867916107178,75037,d0135,10.99.101.135,28.999867916107178,29
240.0,1,"(42.723420833333336, 42.723420833333336)","(8.195683333333333, 8.195683333333333)","(32.854166666666664, 32.854166666666664)",False,30,9eb52_00005,2024-01-22_15-10-18,1705954218,0.0007033348083496094,29.000571250915527,75037,d0135,10.99.101.135,29.000571250915527,30
240.0,1,"(42.723420833333336, 42.723420833333336)","(8.195683333333333, 8.195683333333333)","(32.854166666666664, 32.854166666666664)",False,31,9eb52_00005,2024-01-22_15-10-18,1705954218,0.0007410049438476562,29.001312255859375,75037,d0135,10.99.101.135,29.001312255859375,31
240.0,1,"(42.723420833333336, 42.723420833333336)","(8.195683333333333, 8.195683333333333)","(32.854166666666664, 32.854166666666664)",False,32,9eb52_00005,2024-01-22_15-10-18,1705954218,0.0007066726684570312,29.002018928527832,75037,d0135,10.99.101.135,29.002018928527832,32
240.0,1,"(42.723420833333336, 42.723420833333336)","(8.195683333333333, 8.195683333333333)","(32.854166666666664, 32.854166666666664)",False,33,9eb52_00005,2024-01-22_15-10-18,1705954218,0.0007147789001464844,29.00273370742798,75037,d0135,10.99.101.135,29.00273370742798,33
240.0,1,"(42.723420833333336, 42.723420833333336)","(8.195683333333333, 8.195683333333333)","(32.854166666666664, 32.854166666666664)",False,34,9eb52_00005,2024-01-22_15-10-18,1705954218,0.0007081031799316406,29.00344181060791,75037,d0135,10.99.101.135,29.00344181060791,34
240.0,1,"(42.723420833333336, 42.723420833333336)","(8.195683333333333, 8.195683333333333)","(32.854166666666664, 32.854166666666664)",False,35,9eb52_00005,2024-01-22_15-10-18,1705954218,0.0007350444793701172,29.00417685508728,75037,d0135,10.99.101.135,29.00417685508728,35
240.0,1,"(42.723420833333336, 42.723420833333336)","(8.195683333333333, 8.195683333333333)","(32.854166666666664, 32.854166666666664)",False,36,9eb52_00005,2024-01-22_15-10-18,1705954218,0.0007245540618896484,29.00490140914917,75037,d0135,10.99.101.135,29.00490140914917,36
240.0,1,"(42.723420833333336, 42.723420833333336)","(8.195683333333333, 8.195683333333333)","(32.854166666666664, 32.854166666666664)",False,37,9eb52_00005,2024-01-22_15-10-18,1705954218,0.0007002353668212891,29.00560164451599,75037,d0135,10.99.101.135,29.00560164451599,37
240.0,1,"(42.723420833333336, 42.723420833333336)","(8.195683333333333, 8.195683333333333)","(32.854166666666664, 32.854166666666664)",False,38,9eb52_00005,2024-01-22_15-10-18,1705954218,0.0007200241088867188,29.006321668624878,75037,d0135,10.99.101.135,29.006321668624878,38
240.0,1,"(42.723420833333336, 42.723420833333336)","(8.195683333333333, 8.195683333333333)","(32.854166666666664, 32.854166666666664)",False,39,9eb52_00005,2024-01-22_15-10-18,1705954218,0.000720977783203125,29.00704264640808,75037,d0135,10.99.101.135,29.00704264640808,39
240.0,1,"(42.723420833333336, 42.723420833333336)","(8.195683333333333, 8.195683333333333)","(32.854166666666664, 32.854166666666664)",False,40,9eb52_00005,2024-01-22_15-10-18,1705954218,0.0007462501525878906,29.00778889656067,75037,d0135,10.99.101.135,29.00778889656067,40
240.0,1,"(42.723420833333336, 42.723420833333336)","(8.195683333333333, 8.195683333333333)","(32.854166666666664, 32.854166666666664)",False,41,9eb52_00005,2024-01-22_15-10-18,1705954218,0.0007305145263671875,29.008519411087036,75037,d0135,10.99.101.135,29.008519411087036,41
240.0,1,"(42.723420833333336, 42.723420833333336)","(8.195683333333333, 8.195683333333333)","(32.854166666666664, 32.854166666666664)",False,42,9eb52_00005,2024-01-22_15-10-18,1705954218,0.0007154941558837891,29.00923490524292,75037,d0135,10.99.101.135,29.00923490524292,42
240.0,1,"(42.723420833333336, 42.723420833333336)","(8.195683333333333, 8.195683333333333)","(32.854166666666664, 32.854166666666664)",False,43,9eb52_00005,2024-01-22_15-10-18,1705954218,0.0007131099700927734,29.009948015213013,75037,d0135,10.99.101.135,29.009948015213013,43
240.0,1,"(42.723420833333336, 42.723420833333336)","(8.195683333333333, 8.195683333333333)","(32.854166666666664, 32.854166666666664)",False,44,9eb52_00005,2024-01-22_15-10-18,1705954218,0.0007123947143554688,29.010660409927368,75037,d0135,10.99.101.135,29.010660409927368,44
240.0,1,"(42.723420833333336, 42.723420833333336)","(8.195683333333333, 8.195683333333333)","(32.854166666666664, 32.854166666666664)",False,45,9eb52_00005,2024-01-22_15-10-18,1705954218,0.0007228851318359375,29.011383295059204,75037,d0135,10.99.101.135,29.011383295059204,45
240.0,1,"(42.723420833333336, 42.723420833333336)","(8.195683333333333, 8.195683333333333)","(32.854166666666664, 32.854166666666664)",False,46,9eb52_00005,2024-01-22_15-10-18,1705954218,0.0007224082946777344,29.012105703353882,75037,d0135,10.99.101.135,29.012105703353882,46
240.0,1,"(42.723420833333336, 42.723420833333336)","(8.195683333333333, 8.195683333333333)","(32.854166666666664, 32.854166666666664)",False,47,9eb52_00005,2024-01-22_15-10-18,1705954218,0.0007171630859375,29.01282286643982,75037,d0135,10.99.101.135,29.01282286643982,47
240.0,1,"(42.723420833333336, 42.723420833333336)","(8.195683333333333, 8.195683333333333)","(32.854166666666664, 32.854166666666664)",False,48,9eb52_00005,2024-01-22_15-10-18,1705954218,0.0007085800170898438,29.01353144645691,75037,d0135,10.99.101.135,29.01353144645691,48
240.0,1,"(42.723420833333336, 42.723420833333336)","(8.195683333333333, 8.195683333333333)","(32.854166666666664, 32.854166666666664)",False,49,9eb52_00005,2024-01-22_15-10-18,1705954218,0.0007195472717285156,29.014250993728638,75037,d0135,10.99.101.135,29.014250993728638,49
240.0,1,"(42.723420833333336, 42.723420833333336)","(8.195683333333333, 8.195683333333333)","(32.854166666666664, 32.854166666666664)",False,50,9eb52_00005,2024-01-22_15-10-18,1705954218,0.0007033348083496094,29.014954328536987,75037,d0135,10.99.101.135,29.014954328536987,50
240.0,1,"(42.723420833333336, 42.723420833333336)","(8.195683333333333, 8.195683333333333)","(32.854166666666664, 32.854166666666664)",False,51,9eb52_00005,2024-01-22_15-10-18,1705954218,0.0007388591766357422,29.015693187713623,75037,d0135,10.99.101.135,29.015693187713623,51
240.0,1,"(42.723420833333336, 42.723420833333336)","(8.195683333333333, 8.195683333333333)","(32.854166666666664, 32.854166666666664)",False,52,9eb52_00005,2024-01-22_15-10-18,1705954218,0.0007090568542480469,29.01640224456787,75037,d0135,10.99.101.135,29.01640224456787,52
240.0,1,"(42.723420833333336, 42.723420833333336)","(8.195683333333333, 8.195683333333333)","(32.854166666666664, 32.854166666666664)",False,53,9eb52_00005,2024-01-22_15-10-18,1705954218,0.0007214546203613281,29.017123699188232,75037,d0135,10.99.101.135,29.017123699188232,53
240.0,1,"(42.723420833333336, 42.723420833333336)","(8.195683333333333, 8.195683333333333)","(32.854166666666664, 32.854166666666664)",False,54,9eb52_00005,2024-01-22_15-10-18,1705954218,0.0007145404815673828,29.0178382396698,75037,d0135,10.99.101.135,29.0178382396698,54
240.0,1,"(42.723420833333336, 42.723420833333336)","(8.195683333333333, 8.195683333333333)","(32.854166666666664, 32.854166666666664)",False,55,9eb52_00005,2024-01-22_15-10-18,1705954218,0.0007023811340332031,29.018540620803833,75037,d0135,10.99.101.135,29.018540620803833,55
240.0,1,"(42.723420833333336, 42.723420833333336)","(8.195683333333333, 8.195683333333333)","(32.854166666666664, 32.854166666666664)",False,56,9eb52_00005,2024-01-22_15-10-18,1705954218,0.0007112026214599609,29.019251823425293,75037,d0135,10.99.101.135,29.019251823425293,56
240.0,1,"(42.723420833333336, 42.723420833333336)","(8.195683333333333, 8.195683333333333)","(32.854166666666664, 32.854166666666664)",False,57,9eb52_00005,2024-01-22_15-10-18,1705954218,0.0007560253143310547,29.020007848739624,75037,d0135,10.99.101.135,29.020007848739624,57
240.0,1,"(42.723420833333336, 42.723420833333336)","(8.195683333333333, 8.195683333333333)","(32.854166666666664, 32.854166666666664)",False,58,9eb52_00005,2024-01-22_15-10-18,1705954218,0.0007236003875732422,29.020731449127197,75037,d0135,10.99.101.135,29.020731449127197,58
240.0,1,"(42.723420833333336, 42.723420833333336)","(8.195683333333333, 8.195683333333333)","(32.854166666666664, 32.854166666666664)",False,59,9eb52_00005,2024-01-22_15-10-18,1705954218,0.0007143020629882812,29.021445751190186,75037,d0135,10.99.101.135,29.021445751190186,59
240.0,1,"(42.723420833333336, 42.723420833333336)","(8.195683333333333, 8.195683333333333)","(32.854166666666664, 32.854166666666664)",False,60,9eb52_00005,2024-01-22_15-10-18,1705954218,0.0007066726684570312,29.022152423858643,75037,d0135,10.99.101.135,29.022152423858643,60
240.0,1,"(42.723420833333336, 42.723420833333336)","(8.195683333333333, 8.195683333333333)","(32.854166666666664, 32.854166666666664)",False,61,9eb52_00005,2024-01-22_15-10-18,1705954218,0.0007371902465820312,29.022889614105225,75037,d0135,10.99.101.135,29.022889614105225,61
240.0,1,"(42.723420833333336, 42.723420833333336)","(8.195683333333333, 8.195683333333333)","(32.854166666666664, 32.854166666666664)",False,62,9eb52_00005,2024-01-22_15-10-18,1705954218,0.0007269382476806641,29.023616552352905,75037,d0135,10.99.101.135,29.023616552352905,62
240.0,1,"(42.723420833333336, 42.723420833333336)","(8.195683333333333, 8.195683333333333)","(32.854166666666664, 32.854166666666664)",False,63,9eb52_00005,2024-01-22_15-10-18,1705954218,0.0007202625274658203,29.02433681488037,75037,d0135,10.99.101.135,29.02433681488037,63
240.0,1,"(42.723420833333336, 42.723420833333336)","(8.195683333333333, 8.195683333333333)","(32.854166666666664, 32.854166666666664)",False,64,9eb52_00005,2024-01-22_15-10-18,1705954218,0.0007476806640625,29.025084495544434,75037,d0135,10.99.101.135,29.025084495544434,64
240.0,1,"(42.723420833333336, 42.723420833333336)","(8.195683333333333, 8.195683333333333)","(32.854166666666664, 32.854166666666664)",False,65,9eb52_00005,2024-01-22_15-10-18,1705954218,0.0007185935974121094,29.025803089141846,75037,d0135,10.99.101.135,29.025803089141846,65
240.0,1,"(42.723420833333336, 42.723420833333336)","(8.195683333333333, 8.195683333333333)","(32.854166666666664, 32.854166666666664)",False,66,9eb52_00005,2024-01-22_15-10-18,1705954218,0.0006988048553466797,29.026501893997192,75037,d0135,10.99.101.135,29.026501893997192,66
240.0,1,"(42.723420833333336, 42.723420833333336)","(8.195683333333333, 8.195683333333333)","(32.854166666666664, 32.854166666666664)",False,67,9eb52_00005,2024-01-22_15-10-18,1705954218,0.0007660388946533203,29.027267932891846,75037,d0135,10.99.101.135,29.027267932891846,67
240.0,1,"(42.723420833333336, 42.723420833333336)","(8.195683333333333, 8.195683333333333)","(32.854166666666664, 32.854166666666664)",False,68,9eb52_00005,2024-01-22_15-10-18,1705954218,0.0007112026214599609,29.027979135513306,75037,d0135,10.99.101.135,29.027979135513306,68
240.0,1,"(42.723420833333336, 42.723420833333336)","(8.195683333333333, 8.195683333333333)","(32.854166666666664, 32.854166666666664)",False,69,9eb52_00005,2024-01-22_15-10-18,1705954218,0.0007481575012207031,29.028727293014526,75037,d0135,10.99.101.135,29.028727293014526,69
240.0,1,"(42.723420833333336, 42.723420833333336)","(8.195683333333333, 8.195683333333333)","(32.854166666666664, 32.854166666666664)",False,70,9eb52_00005,2024-01-22_15-10-18,1705954218,0.0007069110870361328,29.029434204101562,75037,d0135,10.99.101.135,29.029434204101562,70
240.0,1,"(42.723420833333336, 42.723420833333336)","(8.195683333333333, 8.195683333333333)","(32.854166666666664, 32.854166666666664)",False,71,9eb52_00005,2024-01-22_15-10-18,1705954218,0.0007302761077880859,29.03016448020935,75037,d0135,10.99.101.135,29.03016448020935,71
240.0,1,"(42.723420833333336, 42.723420833333336)","(8.195683333333333, 8.195683333333333)","(32.854166666666664, 32.854166666666664)",False,72,9eb52_00005,2024-01-22_15-10-18,1705954218,0.0007021427154541016,29.030866622924805,75037,d0135,10.99.101.135,29.030866622924805,72
240.0,1,"(42.723420833333336, 42.723420833333336)","(8.195683333333333, 8.195683333333333)","(32.854166666666664, 32.854166666666664)",False,73,9eb52_00005,2024-01-22_15-10-18,1705954218,0.0007066726684570312,29.03157329559326,75037,d0135,10.99.101.135,29.03157329559326,73
240.0,1,"(42.723420833333336, 42.723420833333336)","(8.195683333333333, 8.195683333333333)","(32.854166666666664, 32.854166666666664)",False,74,9eb52_00005,2024-01-22_15-10-18,1705954218,0.0007104873657226562,29.032283782958984,75037,d0135,10.99.101.135,29.032283782958984,74
240.0,1,"(42.723420833333336, 42.723420833333336)","(8.195683333333333, 8.195683333333333)","(32.854166666666664, 32.854166666666664)",False,75,9eb52_00005,2024-01-22_15-10-18,1705954218,0.0007219314575195312,29.033005714416504,75037,d0135,10.99.101.135,29.033005714416504,75
240.0,1,"(42.723420833333336, 42.723420833333336)","(8.195683333333333, 8.195683333333333)","(32.854166666666664, 32.854166666666664)",False,76,9eb52_00005,2024-01-22_15-10-18,1705954218,0.0007076263427734375,29.033713340759277,75037,d0135,10.99.101.135,29.033713340759277,76
240.0,1,"(42.723420833333336, 42.723420833333336)","(8.195683333333333, 8.195683333333333)","(32.854166666666664, 32.854166666666664)",False,77,9eb52_00005,2024-01-22_15-10-18,1705954218,0.0007126331329345703,29.034425973892212,75037,d0135,10.99.101.135,29.034425973892212,77
240.0,1,"(42.723420833333336, 42.723420833333336)","(8.195683333333333, 8.195683333333333)","(32.854166666666664, 32.854166666666664)",False,78,9eb52_00005,2024-01-22_15-10-18,1705954218,0.0007033348083496094,29.03512930870056,75037,d0135,10.99.101.135,29.03512930870056,78
240.0,1,"(42.723420833333336, 42.723420833333336)","(8.195683333333333, 8.195683333333333)","(32.854166666666664, 32.854166666666664)",False,79,9eb52_00005,2024-01-22_15-10-18,1705954218,0.0007178783416748047,29.035847187042236,75037,d0135,10.99.101.135,29.035847187042236,79
240.0,1,"(42.723420833333336, 42.723420833333336)","(8.195683333333333, 8.195683333333333)","(32.854166666666664, 32.854166666666664)",False,80,9eb52_00005,2024-01-22_15-10-18,1705954218,0.0006997585296630859,29.0365469455719,75037,d0135,10.99.101.135,29.0365469455719,80
240.0,1,"(42.723420833333336, 42.723420833333336)","(8.195683333333333, 8.195683333333333)","(32.854166666666664, 32.854166666666664)",False,81,9eb52_00005,2024-01-22_15-10-18,1705954218,0.0007352828979492188,29.03728222846985,75037,d0135,10.99.101.135,29.03728222846985,81
240.0,1,"(42.723420833333336, 42.723420833333336)","(8.195683333333333, 8.195683333333333)","(32.854166666666664, 32.854166666666664)",False,82,9eb52_00005,2024-01-22_15-10-18,1705954218,0.0007011890411376953,29.037983417510986,75037,d0135,10.99.101.135,29.037983417510986,82
240.0,1,"(42.723420833333336, 42.723420833333336)","(8.195683333333333, 8.195683333333333)","(32.854166666666664, 32.854166666666664)",False,83,9eb52_00005,2024-01-22_15-10-18,1705954218,0.0007109642028808594,29.038694381713867,75037,d0135,10.99.101.135,29.038694381713867,83
240.0,1,"(42.723420833333336, 42.723420833333336)","(8.195683333333333, 8.195683333333333)","(32.854166666666664, 32.854166666666664)",False,84,9eb52_00005,2024-01-22_15-10-18,1705954218,0.0027413368225097656,29.041435718536377,75037,d0135,10.99.101.135,29.041435718536377,84
240.0,1,"(42.723420833333336, 42.723420833333336)","(8.195683333333333, 8.195683333333333)","(32.854166666666664, 32.854166666666664)",False,85,9eb52_00005,2024-01-22_15-10-18,1705954218,0.0017266273498535156,29.04316234588623,75037,d0135,10.99.101.135,29.04316234588623,85
240.0,1,"(42.723420833333336, 42.723420833333336)","(8.195683333333333, 8.195683333333333)","(32.854166666666664, 32.854166666666664)",False,86,9eb52_00005,2024-01-22_15-10-18,1705954218,0.0017812252044677734,29.0449435710907,75037,d0135,10.99.101.135,29.0449435710907,86
240.0,1,"(42.723420833333336, 42.723420833333336)","(8.195683333333333, 8.195683333333333)","(32.854166666666664, 32.854166666666664)",False,87,9eb52_00005,2024-01-22_15-10-18,1705954218,0.0016398429870605469,29.04658341407776,75037,d0135,10.99.101.135,29.04658341407776,87
240.0,1,"(42.723420833333336, 42.723420833333336)","(8.195683333333333, 8.195683333333333)","(32.854166666666664, 32.854166666666664)",False,88,9eb52_00005,2024-01-22_15-10-18,1705954218,0.0016591548919677734,29.048242568969727,75037,d0135,10.99.101.135,29.048242568969727,88
240.0,1,"(42.723420833333336, 42.723420833333336)","(8.195683333333333, 8.195683333333333)","(32.854166666666664, 32.854166666666664)",False,89,9eb52_00005,2024-01-22_15-10-18,1705954218,0.001611948013305664,29.049854516983032,75037,d0135,10.99.101.135,29.049854516983032,89
240.0,1,"(42.723420833333336, 42.723420833333336)","(8.195683333333333, 8.195683333333333)","(32.854166666666664, 32.854166666666664)",False,90,9eb52_00005,2024-01-22_15-10-18,1705954218,0.0016384124755859375,29.051492929458618,75037,d0135,10.99.101.135,29.051492929458618,90
240.0,1,"(42.723420833333336, 42.723420833333336)","(8.195683333333333, 8.195683333333333)","(32.854166666666664, 32.854166666666664)",False,91,9eb52_00005,2024-01-22_15-10-18,1705954218,0.0016586780548095703,29.053151607513428,75037,d0135,10.99.101.135,29.053151607513428,91
240.0,1,"(42.723420833333336, 42.723420833333336)","(8.195683333333333, 8.195683333333333)","(32.854166666666664, 32.854166666666664)",False,92,9eb52_00005,2024-01-22_15-10-18,1705954218,0.0016512870788574219,29.054802894592285,75037,d0135,10.99.101.135,29.054802894592285,92
240.0,1,"(42.723420833333336, 42.723420833333336)","(8.195683333333333, 8.195683333333333)","(32.854166666666664, 32.854166666666664)",False,93,9eb52_00005,2024-01-22_15-10-18,1705954218,0.0016133785247802734,29.056416273117065,75037,d0135,10.99.101.135,29.056416273117065,93
240.0,1,"(42.723420833333336, 42.723420833333336)","(8.195683333333333, 8.195683333333333)","(32.854166666666664, 32.854166666666664)",False,94,9eb52_00005,2024-01-22_15-10-18,1705954218,0.001611471176147461,29.058027744293213,75037,d0135,10.99.101.135,29.058027744293213,94
240.0,1,"(42.723420833333336, 42.723420833333336)","(8.195683333333333, 8.195683333333333)","(32.854166666666664, 32.854166666666664)",False,95,9eb52_00005,2024-01-22_15-10-18,1705954218,0.0016078948974609375,29.059635639190674,75037,d0135,10.99.101.135,29.059635639190674,95
240.0,1,"(42.723420833333336, 42.723420833333336)","(8.195683333333333, 8.195683333333333)","(32.854166666666664, 32.854166666666664)",False,96,9eb52_00005,2024-01-22_15-10-18,1705954218,0.0016012191772460938,29.06123685836792,75037,d0135,10.99.101.135,29.06123685836792,96
240.0,1,"(42.723420833333336, 42.723420833333336)","(8.195683333333333, 8.195683333333333)","(32.854166666666664, 32.854166666666664)",False,97,9eb52_00005,2024-01-22_15-10-18,1705954218,0.0016028881072998047,29.06283974647522,75037,d0135,10.99.101.135,29.06283974647522,97
240.0,1,"(42.723420833333336, 42.723420833333336)","(8.195683333333333, 8.195683333333333)","(32.854166666666664, 32.854166666666664)",False,98,9eb52_00005,2024-01-22_15-10-18,1705954218,0.0016391277313232422,29.064478874206543,75037,d0135,10.99.101.135,29.064478874206543,98
240.0,1,"(42.723420833333336, 42.723420833333336)","(8.195683333333333, 8.195683333333333)","(32.854166666666664, 32.854166666666664)",False,99,9eb52_00005,2024-01-22_15-10-18,1705954218,0.001605987548828125,29.06608486175537,75037,d0135,10.99.101.135,29.06608486175537,99
240.0,1,"(42.723420833333336, 42.723420833333336)","(8.195683333333333, 8.195683333333333)","(32.854166666666664, 32.854166666666664)",False,100,9eb52_00005,2024-01-22_15-10-18,1705954218,0.0016126632690429688,29.067697525024414,75037,d0135,10.99.101.135,29.067697525024414,100
240.0,1,"(42.723420833333336, 42.723420833333336)","(8.195683333333333, 8.195683333333333)","(32.854166666666664, 32.854166666666664)",False,101,9eb52_00005,2024-01-22_15-10-18,1705954218,0.0016667842864990234,29.069364309310913,75037,d0135,10.99.101.135,29.069364309310913,101
240.0,1,"(42.723420833333336, 42.723420833333336)","(8.195683333333333, 8.195683333333333)","(32.854166666666664, 32.854166666666664)",False,102,9eb52_00005,2024-01-22_15-10-18,1705954218,0.001619577407836914,29.07098388671875,75037,d0135,10.99.101.135,29.07098388671875,102
240.0,1,"(42.723420833333336, 42.723420833333336)","(8.195683333333333, 8.195683333333333)","(32.854166666666664, 32.854166666666664)",False,103,9eb52_00005,2024-01-22_15-10-18,1705954218,0.0016338825225830078,29.072617769241333,75037,d0135,10.99.101.135,29.072617769241333,103
240.0,1,"(42.723420833333336, 42.723420833333336)","(8.195683333333333, 8.195683333333333)","(32.854166666666664, 32.854166666666664)",False,104,9eb52_00005,2024-01-22_15-10-18,1705954218,0.0017747879028320312,29.074392557144165,75037,d0135,10.99.101.135,29.074392557144165,104
240.0,1,"(42.723420833333336, 42.723420833333336)","(8.195683333333333, 8.195683333333333)","(32.854166666666664, 32.854166666666664)",False,105,9eb52_00005,2024-01-22_15-10-18,1705954218,0.0018091201782226562,29.076201677322388,75037,d0135,10.99.101.135,29.076201677322388,105
240.0,1,"(42.723420833333336, 42.723420833333336)","(8.195683333333333, 8.195683333333333)","(32.854166666666664, 32.854166666666664)",False,106,9eb52_00005,2024-01-22_15-10-18,1705954218,0.001771688461303711,29.07797336578369,75037,d0135,10.99.101.135,29.07797336578369,106
240.0,1,"(42.723420833333336, 42.723420833333336)","(8.195683333333333, 8.195683333333333)","(32.854166666666664, 32.854166666666664)",False,107,9eb52_00005,2024-01-22_15-10-19,1705954219,0.0016934871673583984,29.07966685295105,75037,d0135,10.99.101.135,29.07966685295105,107
240.0,1,"(42.723420833333336, 42.723420833333336)","(8.195683333333333, 8.195683333333333)","(32.854166666666664, 32.854166666666664)",False,108,9eb52_00005,2024-01-22_15-10-19,1705954219,0.0016987323760986328,29.08136558532715,75037,d0135,10.99.101.135,29.08136558532715,108
240.0,1,"(42.723420833333336, 42.723420833333336)","(8.195683333333333, 8.195683333333333)","(32.854166666666664, 32.854166666666664)",False,109,9eb52_00005,2024-01-22_15-10-19,1705954219,0.0016598701477050781,29.083025455474854,75037,d0135,10.99.101.135,29.083025455474854,109
240.0,1,"(42.723420833333336, 42.723420833333336)","(8.195683333333333, 8.195683333333333)","(32.854166666666664, 32.854166666666664)",False,110,9eb52_00005,2024-01-22_15-10-19,1705954219,0.0017557144165039062,29.084781169891357,75037,d0135,10.99.101.135,29.084781169891357,110
240.0,1,"(42.723420833333336, 42.723420833333336)","(8.195683333333333, 8.195683333333333)","(32.854166666666664, 32.854166666666664)",False,111,9eb52_00005,2024-01-22_15-10-19,1705954219,0.001796722412109375,29.086577892303467,75037,d0135,10.99.101.135,29.086577892303467,111
240.0,1,"(42.723420833333336, 42.723420833333336)","(8.195683333333333, 8.195683333333333)","(32.854166666666664, 32.854166666666664)",False,112,9eb52_00005,2024-01-22_15-10-19,1705954219,0.001672506332397461,29.088250398635864,75037,d0135,10.99.101.135,29.088250398635864,112
240.0,1,"(42.723420833333336, 42.723420833333336)","(8.195683333333333, 8.195683333333333)","(32.854166666666664, 32.854166666666664)",False,113,9eb52_00005,2024-01-22_15-10-19,1705954219,0.0017807483673095703,29.090031147003174,75037,d0135,10.99.101.135,29.090031147003174,113
240.0,1,"(42.723420833333336, 42.723420833333336)","(8.195683333333333, 8.195683333333333)","(32.854166666666664, 32.854166666666664)",False,114,9eb52_00005,2024-01-22_15-10-19,1705954219,0.0016980171203613281,29.091729164123535,75037,d0135,10.99.101.135,29.091729164123535,114
240.0,1,"(42.723420833333336, 42.723420833333336)","(8.195683333333333, 8.195683333333333)","(32.854166666666664, 32.854166666666664)",False,115,9eb52_00005,2024-01-22_15-10-19,1705954219,0.0016295909881591797,29.093358755111694,75037,d0135,10.99.101.135,29.093358755111694,115
240.0,1,"(42.723420833333336, 42.723420833333336)","(8.195683333333333, 8.195683333333333)","(32.854166666666664, 32.854166666666664)",False,116,9eb52_00005,2024-01-22_15-10-19,1705954219,0.0016453266143798828,29.095004081726074,75037,d0135,10.99.101.135,29.095004081726074,116
240.0,1,"(42.723420833333336, 42.723420833333336)","(8.195683333333333, 8.195683333333333)","(32.854166666666664, 32.854166666666664)",False,117,9eb52_00005,2024-01-22_15-10-19,1705954219,0.0016286373138427734,29.096632719039917,75037,d0135,10.99.101.135,29.096632719039917,117
240.0,1,"(42.723420833333336, 42.723420833333336)","(8.195683333333333, 8.195683333333333)","(32.854166666666664, 32.854166666666664)",False,118,9eb52_00005,2024-01-22_15-10-19,1705954219,0.0016970634460449219,29.098329782485962,75037,d0135,10.99.101.135,29.098329782485962,118
240.0,1,"(42.723420833333336, 42.723420833333336)","(8.195683333333333, 8.195683333333333)","(32.854166666666664, 32.854166666666664)",False,119,9eb52_00005,2024-01-22_15-10-19,1705954219,0.0015978813171386719,29.0999276638031,75037,d0135,10.99.101.135,29.0999276638031,119
240.0,1,"(42.723420833333336, 42.723420833333336)","(8.195683333333333, 8.195683333333333)","(32.854166666666664, 32.854166666666664)",False,120,9eb52_00005,2024-01-22_15-10-19,1705954219,0.0016093254089355469,29.101536989212036,75037,d0135,10.99.101.135,29.101536989212036,120
240.0,1,"(42.723420833333336, 42.723420833333336)","(8.195683333333333, 8.195683333333333)","(32.854166666666664, 32.854166666666664)",False,121,9eb52_00005,2024-01-22_15-10-19,1705954219,0.0016906261444091797,29.103227615356445,75037,d0135,10.99.101.135,29.103227615356445,121
240.0,1,"(42.723420833333336, 42.723420833333336)","(8.195683333333333, 8.195683333333333)","(32.854166666666664, 32.854166666666664)",False,122,9eb52_00005,2024-01-22_15-10-19,1705954219,0.0016965866088867188,29.104924201965332,75037,d0135,10.99.101.135,29.104924201965332,122
240.0,1,"(42.723420833333336, 42.723420833333336)","(8.195683333333333, 8.195683333333333)","(32.854166666666664, 32.854166666666664)",False,123,9eb52_00005,2024-01-22_15-10-19,1705954219,0.001708984375,29.106633186340332,75037,d0135,10.99.101.135,29.106633186340332,123
240.0,1,"(42.723420833333336, 42.723420833333336)","(8.195683333333333, 8.195683333333333)","(32.854166666666664, 32.854166666666664)",False,124,9eb52_00005,2024-01-22_15-10-19,1705954219,0.0015926361083984375,29.10822582244873,75037,d0135,10.99.101.135,29.10822582244873,124
240.0,1,"(42.723420833333336, 42.723420833333336)","(8.195683333333333, 8.195683333333333)","(32.854166666666664, 32.854166666666664)",False,125,9eb52_00005,2024-01-22_15-10-19,1705954219,0.0016095638275146484,29.109835386276245,75037,d0135,10.99.101.135,29.109835386276245,125
240.0,1,"(42.723420833333336, 42.723420833333336)","(8.195683333333333, 8.195683333333333)","(32.854166666666664, 32.854166666666664)",False,126,9eb52_00005,2024-01-22_15-10-19,1705954219,0.0016739368438720703,29.111509323120117,75037,d0135,10.99.101.135,29.111509323120117,126
240.0,1,"(42.723420833333336, 42.723420833333336)","(8.195683333333333, 8.195683333333333)","(32.854166666666664, 32.854166666666664)",False,127,9eb52_00005,2024-01-22_15-10-19,1705954219,0.0016252994537353516,29.113134622573853,75037,d0135,10.99.101.135,29.113134622573853,127
240.0,1,"(42.723420833333336, 42.723420833333336)","(8.195683333333333, 8.195683333333333)","(32.854166666666664, 32.854166666666664)",False,128,9eb52_00005,2024-01-22_15-10-19,1705954219,0.001735687255859375,29.114870309829712,75037,d0135,10.99.101.135,29.114870309829712,128
240.0,1,"(42.723420833333336, 42.723420833333336)","(8.195683333333333, 8.195683333333333)","(32.854166666666664, 32.854166666666664)",False,129,9eb52_00005,2024-01-22_15-10-19,1705954219,0.0016055107116699219,29.116475820541382,75037,d0135,10.99.101.135,29.116475820541382,129
240.0,1,"(42.723420833333336, 42.723420833333336)","(8.195683333333333, 8.195683333333333)","(32.854166666666664, 32.854166666666664)",False,130,9eb52_00005,2024-01-22_15-10-19,1705954219,0.0016148090362548828,29.118090629577637,75037,d0135,10.99.101.135,29.118090629577637,130
240.0,1,"(42.723420833333336, 42.723420833333336)","(8.195683333333333, 8.195683333333333)","(32.854166666666664, 32.854166666666664)",False,131,9eb52_00005,2024-01-22_15-10-19,1705954219,0.0016527175903320312,29.11974334716797,75037,d0135,10.99.101.135,29.11974334716797,131
240.0,1,"(42.723420833333336, 42.723420833333336)","(8.195683333333333, 8.195683333333333)","(32.854166666666664, 32.854166666666664)",False,132,9eb52_00005,2024-01-22_15-10-19,1705954219,0.001603841781616211,29.121347188949585,75037,d0135,10.99.101.135,29.121347188949585,132
240.0,1,"(42.723420833333336, 42.723420833333336)","(8.195683333333333, 8.195683333333333)","(32.854166666666664, 32.854166666666664)",False,133,9eb52_00005,2024-01-22_15-10-19,1705954219,0.00160980224609375,29.12295699119568,75037,d0135,10.99.101.135,29.12295699119568,133
240.0,1,"(42.723420833333336, 42.723420833333336)","(8.195683333333333, 8.195683333333333)","(32.854166666666664, 32.854166666666664)",False,134,9eb52_00005,2024-01-22_15-10-19,1705954219,0.0016262531280517578,29.12458324432373,75037,d0135,10.99.101.135,29.12458324432373,134
240.0,1,"(42.723420833333336, 42.723420833333336)","(8.195683333333333, 8.195683333333333)","(32.854166666666664, 32.854166666666664)",False,135,9eb52_00005,2024-01-22_15-10-19,1705954219,0.0015926361083984375,29.12617588043213,75037,d0135,10.99.101.135,29.12617588043213,135
240.0,1,"(42.723420833333336, 42.723420833333336)","(8.195683333333333, 8.195683333333333)","(32.854166666666664, 32.854166666666664)",False,136,9eb52_00005,2024-01-22_15-10-19,1705954219,0.0016317367553710938,29.1278076171875,75037,d0135,10.99.101.135,29.1278076171875,136
240.0,1,"(42.723420833333336, 42.723420833333336)","(8.195683333333333, 8.195683333333333)","(32.854166666666664, 32.854166666666664)",False,137,9eb52_00005,2024-01-22_15-10-19,1705954219,0.0016741752624511719,29.12948179244995,75037,d0135,10.99.101.135,29.12948179244995,137
240.0,1,"(42.723420833333336, 42.723420833333336)","(8.195683333333333, 8.195683333333333)","(32.854166666666664, 32.854166666666664)",False,138,9eb52_00005,2024-01-22_15-10-19,1705954219,0.0016546249389648438,29.131136417388916,75037,d0135,10.99.101.135,29.131136417388916,138
240.0,1,"(42.723420833333336, 42.723420833333336)","(8.195683333333333, 8.195683333333333)","(32.854166666666664, 32.854166666666664)",False,139,9eb52_00005,2024-01-22_15-10-19,1705954219,0.0016455650329589844,29.132781982421875,75037,d0135,10.99.101.135,29.132781982421875,139
240.0,1,"(42.723420833333336, 42.723420833333336)","(8.195683333333333, 8.195683333333333)","(32.854166666666664, 32.854166666666664)",False,140,9eb52_00005,2024-01-22_15-10-19,1705954219,0.0016283988952636719,29.13441038131714,75037,d0135,10.99.101.135,29.13441038131714,140
240.0,1,"(42.723420833333336, 42.723420833333336)","(8.195683333333333, 8.195683333333333)","(32.854166666666664, 32.854166666666664)",False,141,9eb52_00005,2024-01-22_15-10-19,1705954219,0.001638650894165039,29.136049032211304,75037,d0135,10.99.101.135,29.136049032211304,141
240.0,1,"(42.723420833333336, 42.723420833333336)","(8.195683333333333, 8.195683333333333)","(32.854166666666664, 32.854166666666664)",False,142,9eb52_00005,2024-01-22_15-10-19,1705954219,0.0015935897827148438,29.13764262199402,75037,d0135,10.99.101.135,29.13764262199402,142
240.0,1,"(42.723420833333336, 42.723420833333336)","(8.195683333333333, 8.195683333333333)","(32.854166666666664, 32.854166666666664)",False,143,9eb52_00005,2024-01-22_15-10-19,1705954219,0.001588582992553711,29.139231204986572,75037,d0135,10.99.101.135,29.139231204986572,143
240.0,1,"(42.723420833333336, 42.723420833333336)","(8.195683333333333, 8.195683333333333)","(32.854166666666664, 32.854166666666664)",False,144,9eb52_00005,2024-01-22_15-10-19,1705954219,0.0015935897827148438,29.140824794769287,75037,d0135,10.99.101.135,29.140824794769287,144
240.0,1,"(42.723420833333336, 42.723420833333336)","(8.195683333333333, 8.195683333333333)","(32.854166666666664, 32.854166666666664)",False,145,9eb52_00005,2024-01-22_15-10-19,1705954219,0.0016276836395263672,29.142452478408813,75037,d0135,10.99.101.135,29.142452478408813,145
240.0,1,"(42.723420833333336, 42.723420833333336)","(8.195683333333333, 8.195683333333333)","(32.854166666666664, 32.854166666666664)",False,146,9eb52_00005,2024-01-22_15-10-19,1705954219,0.0016064643859863281,29.1440589427948,75037,d0135,10.99.101.135,29.1440589427948,146
240.0,1,"(42.723420833333336, 42.723420833333336)","(8.195683333333333, 8.195683333333333)","(32.854166666666664, 32.854166666666664)",False,147,9eb52_00005,2024-01-22_15-10-19,1705954219,0.0016102790832519531,29.14566922187805,75037,d0135,10.99.101.135,29.14566922187805,147
240.0,1,"(42.723420833333336, 42.723420833333336)","(8.195683333333333, 8.195683333333333)","(32.854166666666664, 32.854166666666664)",False,148,9eb52_00005,2024-01-22_15-10-19,1705954219,0.0015788078308105469,29.147248029708862,75037,d0135,10.99.101.135,29.147248029708862,148
240.0,1,"(42.723420833333336, 42.723420833333336)","(8.195683333333333, 8.195683333333333)","(32.854166666666664, 32.854166666666664)",False,149,9eb52_00005,2024-01-22_15-10-19,1705954219,0.001650094985961914,29.148898124694824,75037,d0135,10.99.101.135,29.148898124694824,149
240.0,1,"(42.723420833333336, 42.723420833333336)","(8.195683333333333, 8.195683333333333)","(32.854166666666664, 32.854166666666664)",True,150,9eb52_00005,2024-01-22_15-10-19,1705954219,0.0016057491302490234,29.150503873825073,75037,d0135,10.99.101.135,29.150503873825073,150
